SimTime,SPAD_tester.Anode,SPAD_tester.OUT,SPAD_tester.OUT_$flow,SPAD_tester.VOP,SPAD_tester.VPHOTON,SPAD_tester.net018
0,1.15E-07,1.199999146,0,31.2,0,0
2E-10,1.15E-07,1.199999146,0,31.2,0,0
6E-10,1.15E-07,1.199999146,0,31.2,0,0
1.4E-09,1.15E-07,1.199999146,0,31.2,0,0
3E-09,1.15E-07,1.199999146,0,31.2,0,0
3.0001E-09,1.15E-07,1.199999146,0,31.2,0.001171875,0.001171875
3.00029E-09,1.15E-07,1.199999146,0,31.2,0.003515625,0.003515625
3.00068E-09,1.15E-07,1.199999146,0,31.2,0.008203125,0.008203125
3.00146E-09,1.15E-07,1.199999146,0,31.2,0.017578125,0.017578125
3.00303E-09,1.15E-07,1.199999146,0,31.2,0.036328125,0.036328125
3.00615E-09,1.15E-07,1.199999146,0,31.2,0.073828125,0.073828125
3.0124E-09,1.15E-07,1.199999146,0,31.2,0.148828125,0.148828125
3.0249E-09,1.15E-07,1.199999146,0,31.2,0.298828125,0.298828125
3.0499E-09,1.15E-07,1.199999146,0,31.2,0.598828125,0.598828125
3.07495E-09,1.15E-07,1.199999146,0,31.2,0.899414063,0.899414063
3.07652E-09,0.050034097,1.210113505,0,31.2,0.918200684,0.918200684
3.07965E-09,0.234645177,1.233511659,0,31.2,0.955773926,0.955773926
3.081E-09,0.304166661,1.235677851,0,31.2,0.971959494,0.971959494
3.08369E-09,0.428717851,1.231787459,0,31.2,1.004316493,1.004316493
3.08909E-09,0.628182492,1.076859416,0,31.2,1.06903049,1.06903049
3.09351E-09,0.751351964,0.706643878,0,31.2,1.122104546,1.122104546
3.09675E-09,0.823787902,0.337907197,0,31.2,1.161052273,1.161052273
3.1E-09,0.884250766,0.078572754,0,31.2,1.2,1.2
3.10186E-09,0.913062707,0.034640604,0,31.2,1.2,1.2
3.10511E-09,0.959349384,0.001101103,0,31.2,1.2,1.2
3.10799E-09,0.993946093,0.003754293,0,31.2,1.2,1.2
3.11374E-09,1.048841206,0.00199786,0,31.2,1.2,1.2
3.11899E-09,1.085577387,0.001654584,0,31.2,1.2,1.2
3.12948E-09,1.134272269,0.000725675,0,31.2,1.2,1.2
3.14806E-09,1.175020259,0.000309539,0,31.2,1.2,1.2
3.17128E-09,1.191618587,2.68E-05,0,31.2,1.2,1.2
3.2E-09,1.197541812,6.16E-05,0,31.2,1.2,1.2
3.21011E-09,1.198488383,2.35E-05,0,31.2,1.078636376,1.078636376
3.23034E-09,1.196127386,-6.68E-05,0,31.2,0.835909128,0.835909128
3.2708E-09,1.182933676,-7.35E-05,0,31.2,0.350454631,0.350454631
3.3E-09,1.17349789,-6.99E-05,0,31.2,0,0
3.35841E-09,1.154993306,-7.12E-05,0,31.2,0,0
3.47523E-09,1.118551901,-7.14E-05,0,31.2,0,0
3.70584E-09,1.049879913,-7.09E-05,0,31.2,0,0
3.82115E-09,1.017123623,-6.90E-05,0,31.2,0,0
4.05176E-09,0.954585118,-4.99E-05,0,31.2,0,0
4.16707E-09,0.924759869,-2.04E-05,0,31.2,0,0
4.39769E-09,0.867827495,0.000166567,0,31.2,0,0
4.51299E-09,0.840680783,0.000400886,0,31.2,0,0
4.74361E-09,0.78887046,0.001562001,0,31.2,0,0
5.20484E-09,0.694476304,0.011895588,0,31.2,0,0
5.43545E-09,0.651633955,0.026920465,0,31.2,0,0
5.89668E-09,0.573849037,0.174038035,0,31.2,0,0
6.34607E-09,0.507645445,0.726877042,0,31.2,0,0
6.43381E-09,0.495696865,0.854337616,0,31.2,0,0
6.6093E-09,0.472474151,1.020872135,0,31.2,0,0
6.80374E-09,0.4478776,1.117674416,0,31.2,0,0
7.05487E-09,0.417816981,1.154944327,0,31.2,0,0
7.37964E-09,0.381835145,1.177648449,0,31.2,0,0
7.68527E-09,0.350768847,1.187089757,0,31.2,0,0
8.29652E-09,0.295864883,1.196281546,0,31.2,0,0
9.17084E-09,0.231702195,1.198961619,0,31.2,0,0
1.01354E-08,0.176826947,1.199992369,0,31.2,0,0
1.11E-08,0.134915969,1.19975231,0,31.2,0,0
1.12E-08,0.131256319,1.199930629,0,31.2,0,0
1.14E-08,0.124322202,1.199944096,0,31.2,0,0
1.15E-08,0.120948942,1.199947934,0,31.2,0,0
1.17E-08,0.114558391,1.199954709,0,31.2,0,0
1.1962E-08,0.106480121,1.19996192,0,31.2,0,0
1.24861E-08,0.091971913,1.199971862,0,31.2,0,0
1.24941E-08,0.091766068,1.19997199,0,31.2,0,0
1.25102E-08,0.091355758,1.199972223,0,31.2,0,0
1.25423E-08,0.09054062,1.199972689,0,31.2,0,0
1.26065E-08,0.088932038,1.19997358,0,31.2,0,0
1.2735E-08,0.085799739,1.199975235,0,31.2,0,0
1.28675E-08,0.082684891,1.199976774,0,31.2,0,0
1.28758E-08,0.082494028,1.199976867,0,31.2,0,0
1.28923E-08,0.08211362,1.199977048,0,31.2,0,0
1.29255E-08,0.081358047,1.199977403,0,31.2,0,0
1.29627E-08,0.080516323,1.199977793,0,31.2,0,0
1.29676E-08,0.080406238,1.199977844,0,31.2,0,0
1.29774E-08,0.080186518,1.199977944,0,31.2,0,0
1.29887E-08,0.079934515,1.199978059,0,31.2,0,0
1.29915E-08,0.079871638,1.199978087,0,31.2,0,0
1.29958E-08,0.079777415,1.19997813,0,31.2,0,0
0.000000013,0.197849536,1.217771402,0,31.2,0,0
1.30043E-08,0.392491263,1.222500639,0,31.2,0,0
1.30059E-08,0.457994633,1.219578056,0,31.2,0,0
1.30089E-08,0.573632417,1.164355343,0,31.2,0,0
1.30131E-08,0.70164357,0.907298769,0,31.2,0,0
1.30174E-08,0.806671661,0.443098958,0,31.2,0,0
1.30203E-08,0.861810536,0.157407812,0,31.2,0,0
1.30238E-08,0.920698983,0.008694103,0,31.2,0,0
1.30269E-08,0.964158628,0.00369005,0,31.2,0,0
1.30311E-08,1.011428962,0.003065645,0,31.2,0,0
1.30346E-08,1.043925066,0.002205016,0,31.2,0,0
1.30417E-08,1.092960642,0.001468409,0,31.2,0,0
1.30558E-08,1.149706371,0.000549586,0,31.2,0,0
1.30758E-08,1.18167062,0.000202236,0,31.2,0,0
1.31003E-08,1.187030197,-8.28E-05,0,31.2,0,0
1.31085E-08,1.190534921,0.000211979,0,31.2,0,0
1.31249E-08,1.190912021,-0.000156256,0,31.2,0,0
1.31578E-08,1.191421507,0.000151072,0,31.2,0,0
1.32019E-08,1.177123548,-0.000279551,0,31.2,0,0
1.32825E-08,1.151367741,0.00013321,0,31.2,0,0
1.33771E-08,1.121855573,-0.000274208,0,31.2,0,0
1.35664E-08,1.065036949,0.000140582,0,31.2,0,0
1.3661E-08,1.037700753,-0.000283321,0,31.2,0,0
1.38502E-08,0.98507794,0.000161067,0,31.2,0,0
1.42287E-08,0.887531222,-0.000193349,0,31.2,0,0
1.44179E-08,0.842429696,0.000663159,0,31.2,0,0
1.47964E-08,0.758863347,0.002767703,0,31.2,0,0
1.49856E-08,0.720247072,0.007509856,0,31.2,0,0
1.5364E-08,0.64874214,0.027850024,0,31.2,0,0
1.55533E-08,0.615744137,0.055653143,0,31.2,0,0
1.59317E-08,0.554982168,0.295172204,0,31.2,0,0
1.62519E-08,0.508671396,0.729881918,0,31.2,0,0
1.63744E-08,0.491989213,0.882121305,0,31.2,0,0
1.66193E-08,0.460071617,1.082681655,0,31.2,0,0
1.68834E-08,0.427717266,1.147034797,0,31.2,0,0
1.70154E-08,0.412361266,1.159133867,0,31.2,0,0
1.72794E-08,0.383252333,1.177230794,0,31.2,0,0
1.76445E-08,0.346300923,1.188004206,0,31.2,0,0
1.83745E-08,0.282519665,1.197448719,0,31.2,0,0
1.92602E-08,0.220525711,1.199069442,0,31.2,0,0
2.10317E-08,0.133221499,1.200199952,0,31.2,0,0
2.33605E-08,0.067885871,1.199738467,0,31.2,0,0
2.69375E-08,0.022664312,1.200225992,0,31.2,0,0
3.09375E-08,0.006415055,1.199771523,0,31.2,0,0
3.49375E-08,0.001816435,1.200221845,0,31.2,0,0
3.89375E-08,0.000513282,1.199776827,0,31.2,0,0
4.29375E-08,0.000146158,1.200220758,0,31.2,0,0
4.69375E-08,4.06E-05,1.199777209,0,31.2,0,0
4.99688E-08,1.73E-05,1.200222642,0,31.2,0,0
0.000000053,6.10E-06,1.199776555,0,31.2,0,0
5.30016E-08,6.37E-06,1.199880722,0,31.2,0.01875,0.01875
5.30047E-08,6.66E-06,1.19999156,0,31.2,0.05625,0.05625
5.30109E-08,6.68E-06,1.200001249,0,31.2,0.13125,0.13125
5.30234E-08,6.65E-06,1.199998566,0,31.2,0.28125,0.28125
5.30484E-08,6.60E-06,1.199999589,0,31.2,0.58125,0.58125
5.30742E-08,6.55E-06,1.199998811,0,31.2,0.890625,0.890625
5.30807E-08,0.18196881,1.221539228,0,31.2,0.96796875,0.96796875
5.30903E-08,0.611628866,1.05060821,0,31.2,1.083984375,1.083984375
5.30915E-08,0.649110834,0.983801253,0,31.2,1.098486328,1.098486328
5.3094E-08,0.717325346,0.791257838,0,31.2,1.127490234,1.127490234
5.3097E-08,0.790495949,0.472450571,0,31.2,1.163745117,1.163745117
5.31E-08,0.852213641,0.171017138,0,31.2,1.2,1.2
5.31018E-08,0.883656929,0.078306571,0,31.2,1.2,1.2
5.31046E-08,0.927202707,0.007870175,0,31.2,1.2,1.2
5.31079E-08,0.972561679,0.003466288,0,31.2,1.2,1.2
5.31131E-08,1.028211766,0.002745743,0,31.2,1.2,1.2
5.31173E-08,1.062120134,0.00184761,0,31.2,1.2,1.2
5.31255E-08,1.111040427,0.001210438,0,31.2,1.2,1.2
5.3142E-08,1.163013654,0.000351426,0,31.2,1.2,1.2
5.31632E-08,1.18651312,0.000158126,0,31.2,1.2,1.2
5.31816E-08,1.193680621,2.49E-05,0,31.2,1.2,1.2
5.32E-08,1.196946177,5.08E-05,0,31.2,1.2,1.2
5.32092E-08,1.197959505,2.62E-05,0,31.2,1.089607082,1.089607082
5.32276E-08,1.195958867,-6.52E-05,0,31.2,0.868821245,0.868821245
5.32644E-08,1.183953579,-7.43E-05,0,31.2,0.427249573,0.427249573
5.33E-08,1.172450618,-7.02E-05,0,31.2,0,0
5.33712E-08,1.149987812,-7.12E-05,0,31.2,0,0
5.35136E-08,1.105899815,-7.15E-05,0,31.2,0,0
5.37599E-08,1.033519501,-7.02E-05,0,31.2,0,0
5.38831E-08,0.999106829,-6.66E-05,0,31.2,0,0
5.41294E-08,0.93361411,-3.16E-05,0,31.2,0,0
5.42525E-08,0.902482561,2.32E-05,0,31.2,0,0
5.44989E-08,0.843246351,0.000372645,0,31.2,0,0
5.4622E-08,0.815094574,0.000810335,0,31.2,0,0
5.48683E-08,0.761539097,0.00294268,0,31.2,0,0
5.53609E-08,0.664593372,0.021093165,0,31.2,0,0
5.55978E-08,0.622532636,0.047519106,0,31.2,0,0
5.60715E-08,0.546609446,0.369381524,0,31.2,0,0
5.64176E-08,0.497461881,0.829688808,0,31.2,0,0
5.65907E-08,0.474505798,1.012825718,0,31.2,0,0
5.68533E-08,0.441414628,1.128049888,0,31.2,0,0
5.71287E-08,0.409010755,1.162378107,0,31.2,0,0
5.74018E-08,0.379173226,1.178321171,0,31.2,0,0
5.77496E-08,0.344263295,1.1889538,0,31.2,0,0
5.84062E-08,0.286705076,1.19675305,0,31.2,0,0
5.94607E-08,0.213335796,1.199514693,0,31.2,0,0
6.10135E-08,0.137446172,1.199902232,0,31.2,0,0
6.36046E-08,0.064464751,1.20000421,0,31.2,0,0
6.44765E-08,0.050475069,1.199969446,0,31.2,0,0
6.62203E-08,0.030707851,1.200011789,0,31.2,0,0
6.9708E-08,0.01059015,1.199979389,0,31.2,0,0
7.3708E-08,0.002997427,1.20001626,0,31.2,0,0
7.7708E-08,0.00084826,1.199981471,0,31.2,0,0
8.1708E-08,0.000240189,1.200016591,0,31.2,0,0
8.48537E-08,9.35E-05,1.1999816,0,31.2,0,0
8.49029E-08,9.23E-05,1.20001428,0,31.2,0,0
8.50012E-08,8.97E-05,1.199985057,0,31.2,0,0
8.51978E-08,8.50E-05,1.200012938,0,31.2,0,0
8.5591E-08,7.61E-05,1.199985614,0,31.2,0,0
8.63774E-08,6.11E-05,1.20001272,0,31.2,0,0
8.71885E-08,4.86E-05,1.199985681,0,31.2,0,0
8.72391E-08,4.80E-05,1.20001082,0,31.2,0,0
8.73405E-08,4.66E-05,1.199988261,0,31.2,0,0
8.75433E-08,4.41E-05,1.200009779,0,31.2,0,0
8.77714E-08,4.13E-05,1.199988836,0,31.2,0,0
8.77856E-08,4.12E-05,1.200005312,0,31.2,0,0
8.78141E-08,4.08E-05,1.199994355,0,31.2,0,0
8.78712E-08,4.02E-05,1.200003406,0,31.2,0,0
8.79353E-08,3.95E-05,1.199995329,0,31.2,0,0
8.79393E-08,3.95E-05,1.199999366,0,31.2,0,0
8.79473E-08,3.94E-05,1.199999058,0,31.2,0,0
8.79634E-08,3.92E-05,1.199999192,0,31.2,0,0
8.79814E-08,3.90E-05,1.199999107,0,31.2,0,0
8.79859E-08,3.89E-05,1.199999142,0,31.2,0,0
8.79927E-08,3.89E-05,1.19999914,0,31.2,0,0
8.79995E-08,0.190505932,1.222080981,0,31.2,0,0
8.80054E-08,0.440149255,1.212295853,0,31.2,0,0
8.80132E-08,0.707679975,0.852064371,0,31.2,0,0
8.80188E-08,0.836853828,0.278687287,0,31.2,0,0
8.8022E-08,0.89425472,0.053395309,0,31.2,0,0
8.80257E-08,0.949535885,-0.001254925,0,31.2,0,0
8.80298E-08,0.999628169,0.004842586,0,31.2,0,0
8.80334E-08,1.034360547,0.002039936,0,31.2,0,0
8.80382E-08,1.0720988,0.001946735,0,31.2,0,0
8.80474E-08,1.121443529,0.000875378,0,31.2,0,0
8.80636E-08,1.166425862,0.000442785,0,31.2,0,0
8.80691E-08,1.173789324,0.000222965,0,31.2,0,0
8.808E-08,1.183686703,0.000184349,0,31.2,0,0
8.81019E-08,1.189420287,-4.61E-05,0,31.2,0,0
8.81457E-08,1.19140876,6.33E-05,0,31.2,0,0
8.8194E-08,1.195230274,-2.30E-05,0,31.2,0,0
8.82847E-08,1.165857513,-0.000118962,0,31.2,0,0
8.83952E-08,1.131065642,-2.34E-05,0,31.2,0,0
8.8522E-08,1.092369639,-0.00012021,0,31.2,0,0
8.87755E-08,1.018819582,-1.61E-05,0,31.2,0,0
8.89023E-08,0.983903792,-0.000117345,0,31.2,0,0
8.91559E-08,0.917553048,5.15E-05,0,31.2,0,0
8.92827E-08,0.886061788,1.37E-05,0,31.2,0,0
8.95363E-08,0.826231719,0.000674597,0,31.2,0,0
8.96631E-08,0.797841322,0.001180453,0,31.2,0,0
8.99166E-08,0.743914846,0.004419374,0,31.2,0,0
9.04238E-08,0.646595205,0.029532733,0,31.2,0,0
9.06596E-08,0.605876177,0.068447591,0,31.2,0,0
9.09757E-08,0.555578505,0.291308916,0,31.2,0,0
9.12894E-08,0.510107843,0.715493695,0,31.2,0,0
9.14463E-08,0.488771243,0.908647599,0,31.2,0,0
9.16914E-08,0.457018538,1.092864573,0,31.2,0,0
9.19551E-08,0.424899269,1.149797352,0,31.2,0,0
9.20764E-08,0.410863091,1.160330666,0,31.2,0,0
9.2319E-08,0.384141915,1.176766297,0,31.2,0,0
9.26952E-08,0.34602327,1.188130976,0,31.2,0,0
9.34477E-08,0.280517192,1.197531978,0,31.2,0,0
9.43484E-08,0.218034506,1.199152316,0,31.2,0,0
9.60891E-08,0.13292062,1.200163919,0,31.2,0,0
9.84723E-08,0.066589242,1.199772322,0,31.2,0,0
9.86917E-08,0.06263467,1.200187506,0,31.2,0,0
9.91303E-08,0.055405909,1.199789481,0,31.2,0,0
1.00008E-07,0.043315956,1.200183348,0,31.2,0,0
1.00994E-07,0.032822152,1.19980331,0,31.2,0,0
1.01056E-07,0.03226256,1.200160826,0,31.2,0,0
1.0118E-07,0.031168738,1.199835709,0,31.2,0,0
1.01426E-07,0.029093212,1.200146096,0,31.2,0,0
1.01704E-07,0.02692087,1.199847089,0,31.2,0,0
1.01721E-07,0.02679143,1.200089643,0,31.2,0,0
1.01756E-07,0.026532489,1.199917299,0,31.2,0,0
1.01825E-07,0.026023564,1.20007362,0,31.2,0,0
1.01903E-07,0.025461735,1.199922602,0,31.2,0,0
1.01908E-07,0.025427285,1.20000472,0,31.2,0,0
1.01918E-07,0.025358018,1.199989781,0,31.2,0,0
1.01938E-07,0.025220181,1.199998147,0,31.2,0,0
1.01959E-07,0.025065952,1.199991867,0,31.2,0,0
1.0197E-07,0.024989221,1.199995861,0,31.2,0,0
1.01981E-07,0.299958986,1.224898138,0,31.2,0,0
1.01986E-07,0.469228495,1.205034606,0,31.2,0,0
1.01991E-07,0.650465755,1.025793978,0,31.2,0,0
1.01996E-07,0.796830234,0.492927066,0,31.2,0,0
1.02002E-07,0.898617447,0.065492768,0,31.2,0,0
1.02006E-07,0.955198036,-0.003542276,0,31.2,0,0
1.0201E-07,1.003260822,0.005332204,0,31.2,0,0
1.02014E-07,1.043294505,0.001557688,0,31.2,0,0
1.02019E-07,1.077484515,0.001971676,0,31.2,0,0
1.02027E-07,1.12229106,0.000794718,0,31.2,0,0
1.02042E-07,1.164048831,0.000522963,0,31.2,0,0
1.02064E-07,1.178841075,-0.000163558,0,31.2,0,0
1.02071E-07,1.184343813,0.000376386,0,31.2,0,0
1.02086E-07,1.186631426,-0.000226113,0,31.2,0,0
1.02115E-07,1.18970216,0.000250993,0,31.2,0,0
1.02152E-07,1.192360841,-0.0001918,0,31.2,0,0
1.02224E-07,1.16891469,4.46E-05,0,31.2,0,0
1.02325E-07,1.136842676,-0.000186649,0,31.2,0,0
1.02436E-07,1.102759682,4.45E-05,0,31.2,0,0
1.02658E-07,1.037561717,-0.000193787,0,31.2,0,0
0.000000103,0.944346389,9.85E-05,0,31.2,0,0
1.03006E-07,0.94272425,-1.89E-05,0,31.2,0.075,0.075
1.03019E-07,0.93948605,-5.33E-05,0,31.2,0.225,0.225
1.03044E-07,0.933042791,-1.92E-05,0,31.2,0.525,0.525
1.03072E-07,0.925846054,-3.22E-05,0,31.2,0.8625,0.8625
1.03079E-07,0.967782386,0.002723689,0,31.2,0.946875,0.946875
1.03089E-07,1.069890433,0.002522543,0,31.2,1.0734375,1.0734375
1.031E-07,1.124039935,0.000381956,0,31.2,1.2,1.2
1.03112E-07,1.15047293,0.000508517,0,31.2,1.2,1.2
1.03133E-07,1.183234832,0.000219335,0,31.2,1.2,1.2
1.03154E-07,1.193285374,2.94E-06,0,31.2,1.2,1.2
1.03177E-07,1.197573736,7.31E-05,0,31.2,1.2,1.2
1.032E-07,1.199557202,-3.06E-05,0,31.2,1.2,1.2
1.03212E-07,1.200110579,7.64E-06,0,31.2,1.061352298,1.061352298
1.03235E-07,1.196874215,-6.25E-05,0,31.2,0.784056895,0.784056895
1.03267E-07,1.18620162,-7.76E-05,0,31.2,0.392028448,0.392028448
1.033E-07,1.175622774,-6.57E-05,0,31.2,2.06E-13,2.06E-13
1.03365E-07,1.154924587,-7.12E-05,0,31.2,0,0
1.03496E-07,1.114237361,-7.15E-05,0,31.2,0,0
1.03735E-07,1.043310588,-7.06E-05,0,31.2,0,0
1.03855E-07,1.009540098,-6.82E-05,0,31.2,0,0
1.04094E-07,0.94517897,-4.29E-05,0,31.2,0,0
1.04214E-07,0.914540582,-3.55E-06,0,31.2,0,0
1.04453E-07,0.856159954,0.000249501,0,31.2,0,0
1.04573E-07,0.828373919,0.000568113,0,31.2,0,0
1.04813E-07,0.77543843,0.00214411,0,31.2,0,0
1.05291E-07,0.679339032,0.015932428,0,31.2,0,0
1.05531E-07,0.635895403,0.036417579,0,31.2,0,0
1.06009E-07,0.55744094,0.282816773,0,31.2,0,0
1.06391E-07,0.502452474,0.780204899,0,31.2,0,0
1.06499E-07,0.487802072,0.918906478,0,31.2,0,0
1.06717E-07,0.459579082,1.08345546,0,31.2,0,0
1.0694E-07,0.432146369,1.142278693,0,31.2,0,0
1.07243E-07,0.397294332,1.168831867,0,31.2,0,0
1.07527E-07,0.367247673,1.183401497,0,31.2,0,0
1.07941E-07,0.327294136,1.191573638,0,31.2,0,0
1.0877E-07,0.259678868,1.198784838,0,31.2,0,0
1.09771E-07,0.196154827,1.199271443,0,31.2,0,0
1.11495E-07,0.120150599,1.200302184,0,31.2,0,0
1.11595E-07,0.116889279,1.199960316,0,31.2,0,0
1.11795E-07,0.110712838,1.199958648,0,31.2,0,0
1.11895E-07,0.107708218,1.199960905,0,31.2,0,0
1.12095E-07,0.102016156,1.199965324,0,31.2,0,0
1.12357E-07,0.094820989,1.199970166,0,31.2,0,0
1.12881E-07,0.081899302,1.199977146,0,31.2,0,0
1.13574E-07,0.06746106,1.199983115,0,31.2,0,0
1.13585E-07,0.067257555,1.199983179,0,31.2,0,0
1.13606E-07,0.06685238,1.19998333,0,31.2,0,0
1.1365E-07,0.066049325,1.199983611,0,31.2,0,0
1.13736E-07,0.064471952,1.199984163,0,31.2,0,0
1.13909E-07,0.061428776,1.199985178,0,31.2,0,0
1.14088E-07,0.058440698,1.199986134,0,31.2,0,0
1.14099E-07,0.058258877,1.199986188,0,31.2,0,0
1.14121E-07,0.057896929,1.199986302,0,31.2,0,0
1.14166E-07,0.057179751,1.199986521,0,31.2,0,0
1.14216E-07,0.056383527,1.199986763,0,31.2,0,0
1.14222E-07,0.056297608,1.199986789,0,31.2,0,0
1.14233E-07,0.056126162,1.199986841,0,31.2,0,0
1.1425E-07,0.055861655,1.19998692,0,31.2,0,0
1.14266E-07,0.421431946,1.209754856,0,31.2,0,0
1.14267E-07,0.459178015,1.206897341,0,31.2,0,0
1.14269E-07,0.531277769,1.187951727,0,31.2,0,0
1.14273E-07,0.654868207,1.028872087,0,31.2,0,0
1.14277E-07,0.75252996,0.702477526,0,31.2,0,0
1.1428E-07,0.822644498,0.341172325,0,31.2,0,0
1.14283E-07,0.879746073,0.089344861,0,31.2,0,0
1.14286E-07,0.928214115,0.005737485,0,31.2,0,0
1.1429E-07,0.978547886,0.003619982,0,31.2,0,0
1.14293E-07,1.017400014,0.002809581,0,31.2,0,0
1.14297E-07,1.052507667,0.002119086,0,31.2,0,0
1.14305E-07,1.103652979,0.001255253,0,31.2,0,0
1.14321E-07,1.158996504,0.000456375,0,31.2,0,0
1.14342E-07,1.185107053,0.000136342,0,31.2,0,0
1.14368E-07,1.18868162,-6.13E-05,0,31.2,0,0
1.14376E-07,1.191861876,0.000177395,0,31.2,0,0
1.14394E-07,1.191808415,-0.000140845,0,31.2,0,0
1.14402E-07,1.194160463,0.000198124,0,31.2,0,0
1.1442E-07,1.188485648,-0.000294391,0,31.2,0,0
1.14451E-07,1.178274124,0.000131321,0,31.2,0,0
1.1449E-07,1.165681891,-0.000258931,0,31.2,0,0
1.14569E-07,1.140894824,0.000112593,0,31.2,0,0
1.14725E-07,1.09285476,-0.000260356,0,31.2,0,0
1.15039E-07,1.0026258,0.000142106,0,31.2,0,0
1.15195E-07,0.960319247,-0.000273072,0,31.2,0,0
1.15509E-07,0.880885595,0.000349453,0,31.2,0,0
1.15665E-07,0.843652753,9.90E-05,0,31.2,0,0
1.15979E-07,0.773769347,0.002552507,0,31.2,0,0
1.16136E-07,0.741023532,0.004251511,0,31.2,0,0
1.16449E-07,0.679589282,0.016324836,0,31.2,0,0
1.16606E-07,0.65081769,0.026780392,0,31.2,0,0
1.16919E-07,0.596924079,0.086728717,0,31.2,0,0
1.17219E-07,0.549898697,0.33238292,0,31.2,0,0
1.17508E-07,0.508253679,0.738377621,0,31.2,0,0
1.17653E-07,0.488580238,0.907790685,0,31.2,0,0
1.17879E-07,0.459214801,1.086737978,0,31.2,0,0
1.18199E-07,0.420438793,1.153789148,0,31.2,0,0
1.18358E-07,0.402253931,1.166295946,0,31.2,0,0
1.18636E-07,0.372422646,1.181325856,0,31.2,0,0
1.19071E-07,0.329959841,1.191384276,0,31.2,0,0
1.19943E-07,0.258686614,1.198617198,0,31.2,0,0
1.20999E-07,0.192333918,1.199484411,0,31.2,0,0
1.22966E-07,0.109561068,1.200151753,0,31.2,0,0
1.24718E-07,0.066533981,1.199802471,0,31.2,0,0
1.26469E-07,0.040394552,1.20016513,0,31.2,0,0
1.29971E-07,0.020419414,1.199995525,0,31.2,0,0
1.33971E-07,0.005780208,1.199998062,0,31.2,0,0
1.37971E-07,0.001635898,1.199998958,0,31.2,0,0
1.41971E-07,0.000463015,1.199998979,0,31.2,0,0
1.4447E-07,0.000223412,1.199999199,0,31.2,0,0
1.4697E-07,0.000107828,1.199999038,0,31.2,0,0
1.4707E-07,0.0001049,1.199999127,0,31.2,0,0
1.4727E-07,9.94E-05,1.19999913,0,31.2,0,0
1.4737E-07,9.67E-05,1.19999913,0,31.2,0,0
1.4757E-07,9.15E-05,1.199999131,0,31.2,0,0
1.47832E-07,8.51E-05,1.199999132,0,31.2,0,0
1.48356E-07,7.35E-05,1.199999134,0,31.2,0,0
1.49404E-07,5.47E-05,1.199999137,0,31.2,0,0
1.515E-07,3.00E-05,1.199999141,0,31.2,0,0
0.000000153,1.96E-05,1.199999143,0,31.2,3.18E-13,3.18E-13
1.53002E-07,1.96E-05,1.199999143,0,31.2,0.01875,0.01875
1.53005E-07,1.96E-05,1.199999143,0,31.2,0.05625,0.05625
1.53011E-07,1.96E-05,1.199999143,0,31.2,0.13125,0.13125
1.53023E-07,1.95E-05,1.199999143,0,31.2,0.28125,0.28125
1.53048E-07,1.94E-05,1.199999143,0,31.2,0.58125,0.58125
1.53074E-07,1.92E-05,1.199999143,0,31.2,0.890625,0.890625
1.53076E-07,0.051393201,1.210301777,0,31.2,0.909960938,0.909960938
1.53079E-07,0.240718152,1.233959748,0,31.2,0.948632813,0.948632813
1.5308E-07,0.28010021,1.235227844,0,31.2,0.957722421,0.957722421
1.53081E-07,0.354317173,1.23629236,0,31.2,0.975901638,0.975901638
1.53084E-07,0.485104739,1.220417686,0,31.2,1.012260073,1.012260073
1.5309E-07,0.665368994,1.002543234,0,31.2,1.07525783,1.07525783
1.53094E-07,0.776143484,0.5932781,0,31.2,1.126209451,1.126209451
1.53097E-07,0.841117692,0.249830906,0,31.2,1.163104725,1.163104725
1.531E-07,0.895991461,0.047256724,0,31.2,1.2,1.2
1.53102E-07,0.924721684,0.021051265,0,31.2,1.2,1.2
1.53106E-07,0.976684476,0.000494746,0,31.2,1.2,1.2
1.53109E-07,1.008622293,0.003475747,0,31.2,1.2,1.2
1.53114E-07,1.059337707,0.001772241,0,31.2,1.2,1.2
1.53121E-07,1.100213023,0.001428291,0,31.2,1.2,1.2
1.53134E-07,1.149003429,0.000507283,0,31.2,1.2,1.2
1.53153E-07,1.181178531,0.000248203,0,31.2,1.2,1.2
1.53178E-07,1.1940429,-3.17E-06,0,31.2,1.2,1.2
1.532E-07,1.197772263,7.19E-05,0,31.2,1.2,1.2
1.53211E-07,1.198723562,2.26E-05,0,31.2,1.068706233,1.068706233
1.53233E-07,1.196093359,-6.82E-05,0,31.2,0.8061187,0.8061187
1.53266E-07,1.18512893,-7.33E-05,0,31.2,0.40305935,0.40305935
1.533E-07,1.174263523,-7.04E-05,0,31.2,0,0
1.53367E-07,1.153017526,-7.12E-05,0,31.2,0,0
1.53502E-07,1.111273604,-7.15E-05,0,31.2,0,0
1.53743E-07,1.039897891,-7.05E-05,0,31.2,0,0
1.53864E-07,1.005929383,-6.77E-05,0,31.2,0,0
1.54105E-07,0.941220012,-3.95E-05,0,31.2,0,0
1.54226E-07,0.91043023,4.71E-06,0,31.2,0,0
1.54468E-07,0.851787741,0.000286989,0,31.2,0,0
1.54589E-07,0.823890201,0.000641928,0,31.2,0,0
1.5483E-07,0.770766617,0.002387669,0,31.2,0,0
1.55313E-07,0.674414276,0.017503051,0,31.2,0,0
1.55555E-07,0.630901667,0.040166301,0,31.2,0,0
1.56038E-07,0.552440437,0.321763456,0,31.2,0,0
1.56405E-07,0.49994929,0.804796594,0,31.2,0,0
1.56534E-07,0.482649583,0.957886197,0,31.2,0,0
1.56792E-07,0.449573518,1.111920694,0,31.2,0,0
1.57036E-07,0.420271684,1.154058791,0,31.2,0,0
1.57318E-07,0.388665257,1.173678533,0,31.2,0,0
1.57626E-07,0.356843291,1.186242574,0,31.2,0,0
1.5814E-07,0.309329014,1.194298291,0,31.2,0,0
1.59167E-07,0.232000077,1.199448686,0,31.2,0,0
1.604E-07,0.164002681,1.199612207,0,31.2,0,0
1.62808E-07,0.081543001,1.20019305,0,31.2,0,0
1.65299E-07,0.039465846,1.199787139,0,31.2,0,0
1.69299E-07,0.018640511,1.19999569,0,31.2,0,0
1.73299E-07,0.005276502,1.199998329,0,31.2,0,0
1.75455E-07,0.002833547,1.199998431,0,31.2,0,0
1.77611E-07,0.001521667,1.199999125,0,31.2,0,0
1.81611E-07,0.000718606,1.199999028,0,31.2,0,0
1.84377E-07,0.000318057,1.199999091,0,31.2,0,0
1.87143E-07,0.000140805,1.199999124,0,31.2,0,0
1.87243E-07,0.000136981,1.199999123,0,31.2,0,0
1.87443E-07,0.000129737,1.199999124,0,31.2,0,0
1.87543E-07,0.000126213,1.199999125,0,31.2,0,0
1.87743E-07,0.000119539,1.199999126,0,31.2,0,0
1.88005E-07,0.000111103,1.199999128,0,31.2,0,0
1.88529E-07,9.60E-05,1.19999913,0,31.2,0,0
1.89578E-07,7.15E-05,1.199999134,0,31.2,0,0
1.91674E-07,3.91E-05,1.19999914,0,31.2,0,0
1.9451E-07,1.70E-05,1.199999143,0,31.2,0,0
1.97345E-07,7.41E-06,1.199999145,0,31.2,0,0
1.97445E-07,7.22E-06,1.199999145,0,31.2,0,0
1.97645E-07,6.84E-06,1.199999145,0,31.2,0,0
1.97745E-07,6.66E-06,1.199999145,0,31.2,0,0
1.97945E-07,6.31E-06,1.199999145,0,31.2,0,0
1.98207E-07,5.87E-06,1.199999145,0,31.2,0,0
1.98731E-07,5.09E-06,1.199999145,0,31.2,0,0
1.99366E-07,4.28E-06,1.199999146,0,31.2,0,0
0.0000002,3.60E-06,1.199999146,0,31.2,0,0